INSERT INTO `user`  (User_ID, USER, RANK) VALUES
                                              ('ID_01', '김철수', '사원'),
                                              ('ID_02', '김영희', '대리'),
                                              ('ID_03', '홍길동', '과장'),
                                              ('ID_04', '박철수', '부장'),
                                              ('ID_05', '최지훈', '이사'),
                                              ('ID_06', '이민호', '사원'),
                                              ('ID_07', '박지민', '대리'),
                                              ('ID_08', '홍서준', '과장'),
                                              ('ID_09', '최영수', '부장'),
                                              ('ID_10', '정하늘', '이사'),
                                              ('ID_11', '김다미', '사원'),
                                              ('ID_12', '이준호', '대리'),
                                              ('ID_13', '정민석', '과장'),
                                              ('ID_14', '김보미', '부장'),
                                              ('ID_15', '유승민', '이사'),
                                              ('ID_16', '이소연', '사원'),
                                              ('ID_17', '한지우', '대리'),
                                              ('ID_18', '송준호', '과장'),
                                              ('ID_19', '장미래', '부장'),
                                              ('ID_20', '오지훈', '이사'),
                                              ('ID_21', '정재원', '사원'),
                                              ('ID_22', '김유리', '대리'),
                                              ('ID_23', '최성훈', '과장'),
                                              ('ID_24', '김지연', '부장'),
                                              ('ID_25', '박지훈', '이사'),
                                              ('ID_26', '이채영', '사원'),
                                              ('ID_27', '정승연', '대리'),
                                              ('ID_28', '한재호', '과장'),
                                              ('ID_29', '임채원', '부장'),
                                              ('ID_30', '김하늘', '이사'),
                                              ('ID_31', '이유진', '사원'),
                                              ('ID_32', '오민석', '대리'),
                                              ('ID_33', '강다은', '과장'),
                                              ('ID_34', '최진호', '부장'),
                                              ('ID_35', '유진아', '이사'),
                                              ('ID_36', '김윤서', '사원'),
                                              ('ID_37', '박준영', '대리'),
                                              ('ID_38', '정선우', '과장'),
                                              ('ID_39', '한지연', '부장'),
                                              ('ID_40', '이정훈', '이사'),
                                              ('ID_41', '조민희', '사원'),
                                              ('ID_42', '김재원', '대리'),
                                              ('ID_43', '이상호', '과장'),
                                              ('ID_44', '박주원', '부장'),
                                              ('ID_45', '정해리', '이사'),
                                              ('ID_46', '유민지', '사원'),
                                              ('ID_47', '강현수', '대리'),
                                              ('ID_48', '이민서', '과장'),
                                              ('ID_49', '한서진', '부장'),
                                              ('ID_50', '조희진', '이사'),
                                              ('ID_51', '김도현', '사원'),
                                              ('ID_52', '박서연', '대리'),
                                              ('ID_53', '이상현', '과장'),
                                              ('ID_54', '최민주', '부장'),
                                              ('ID_55', '유재석', '이사'),
                                              ('ID_56', '정지훈', '사원'),
                                              ('ID_57', '한수정', '대리'),
                                              ('ID_58', '오상욱', '과장'),
                                              ('ID_59', '이현정', '부장'),
                                              ('ID_60', '강석우', '이사'),
                                              ('ID_61', '송지영', '사원'),
                                              ('ID_62', '김우진', '대리'),
                                              ('ID_63', '이채린', '과장'),
                                              ('ID_64', '정혜진', '부장'),
                                              ('ID_65', '박찬호', '이사'),
                                              ('ID_66', '최서영', '사원'),
                                              ('ID_67', '유진호', '대리'),
                                              ('ID_68', '강지훈', '과장'),
                                              ('ID_69', '이하늘', '부장'),
                                              ('ID_70', '홍수진', '이사'),
                                              ('ID_71', '정민수', '사원'),
                                              ('ID_72', '한지우', '대리'),
                                              ('ID_73', '송하늘', '과장'),
                                              ('ID_74', '임진호', '부장'),
                                              ('ID_75', '이민정', '이사'),
                                              ('ID_76', '김재현', '사원'),
                                              ('ID_77', '박하늘', '대리'),
                                              ('ID_78', '정영수', '과장'),
                                              ('ID_79', '최미래', '부장'),
                                              ('ID_80', '유혜진', '이사'),
                                              ('ID_81', '강지혜', '사원'),
                                              ('ID_82', '이서준', '대리'),
                                              ('ID_83', '홍민호', '과장'),
                                              ('ID_84', '정다은', '부장'),
                                              ('ID_85', '송영빈', '이사'),
                                              ('ID_86', '한미래', '사원'),
                                              ('ID_87', '박준형', '대리'),
                                              ('ID_88', '김수연', '과장'),
                                              ('ID_89', '이철수', '부장'),
                                              ('ID_90', '정지은', '이사'),
                                              ('ID_91', '최서윤', '사원'),
                                              ('ID_92', '유지훈', '대리'),
                                              ('ID_93', '한지연', '과장'),
                                              ('ID_94', '강정훈', '부장'),
                                              ('ID_95', '송미래', '이사'),
                                              ('ID_96', '이상희', '사원'),
                                              ('ID_97', '정선영', '대리'),
                                              ('ID_98', '홍지수', '과장'),
                                              ('ID_99', '최은서', '부장'),
                                              ('ID_100', '유진아', '이사')
;

insert into `Dept` (Dept_ID, dept) values
                                       ('D_01', '개발팀'),
                                       ('D_02', '인사팀'),
                                       ('D_03', '영업팀'),
                                       ('D_04', '회계팀')
;

insert into `Attend` (Attend_No, status) values
                                             ('No_01', '출근'),
                                             ('No_02', '결근'),
                                             ('No_03', '휴가')
;

INSERT INTO `CheckAttend` (`Check_Atd`, `Attend_No`, `User_ID`, `date`)
VALUES
    ('CA_01', 'No_01', 'ID_01', '2024-08-12'),
    ('CA_02', 'No_02', 'ID_02', '2024-08-03'),
    ('CA_03', 'No_03', 'ID_03', '2024-08-15'),
    ('CA_04', 'No_01', 'ID_04', '2024-08-22'),
    ('CA_05', 'No_02', 'ID_05', '2024-08-09'),
    ('CA_06', 'No_01', 'ID_06', '2024-08-12'),
    ('CA_07', 'No_02', 'ID_07', '2024-08-03'),
    ('CA_08', 'No_03', 'ID_08', '2024-08-15'),
    ('CA_09', 'No_01', 'ID_09', '2024-08-22'),
    ('CA_10', 'No_02', 'ID_10', '2024-08-09'),
    ('CA_11', 'No_01', 'ID_11', '2024-08-12'),
    ('CA_12', 'No_02', 'ID_12', '2024-08-03'),
    ('CA_13', 'No_03', 'ID_13', '2024-08-15'),
    ('CA_14', 'No_01', 'ID_14', '2024-08-22'),
    ('CA_15', 'No_02', 'ID_15', '2024-08-09'),
    ('CA_16', 'No_01', 'ID_16', '2024-08-12'),
    ('CA_17', 'No_02', 'ID_17', '2024-08-03'),
    ('CA_18', 'No_03', 'ID_18', '2024-08-15'),
    ('CA_19', 'No_01', 'ID_19', '2024-08-22'),
    ('CA_20', 'No_02', 'ID_20', '2024-08-09'),
    ('CA_21', 'No_01', 'ID_21', '2024-08-12'),
    ('CA_22', 'No_02', 'ID_22', '2024-08-03'),
    ('CA_23', 'No_03', 'ID_23', '2024-08-15'),
    ('CA_24', 'No_01', 'ID_24', '2024-08-22'),
    ('CA_25', 'No_02', 'ID_25', '2024-08-09'),
    ('CA_26', 'No_01', 'ID_26', '2024-08-12'),
    ('CA_27', 'No_02', 'ID_27', '2024-08-03'),
    ('CA_28', 'No_03', 'ID_28', '2024-08-15'),
    ('CA_29', 'No_01', 'ID_29', '2024-08-22'),
    ('CA_30', 'No_02', 'ID_30', '2024-08-09'),
    ('CA_31', 'No_01', 'ID_31', '2024-08-12'),
    ('CA_32', 'No_02', 'ID_32', '2024-08-03'),
    ('CA_33', 'No_03', 'ID_33', '2024-08-15'),
    ('CA_34', 'No_01', 'ID_34', '2024-08-22'),
    ('CA_35', 'No_02', 'ID_35', '2024-08-09'),
    ('CA_36', 'No_01', 'ID_36', '2024-08-12'),
    ('CA_37', 'No_02', 'ID_37', '2024-08-03'),
    ('CA_38', 'No_03', 'ID_38', '2024-08-15'),
    ('CA_39', 'No_01', 'ID_39', '2024-08-22'),
    ('CA_40', 'No_02', 'ID_40', '2024-08-09'),
    ('CA_41', 'No_01', 'ID_41', '2024-08-12'),
    ('CA_42', 'No_02', 'ID_42', '2024-08-03'),
    ('CA_43', 'No_03', 'ID_43', '2024-08-15'),
    ('CA_44', 'No_01', 'ID_44', '2024-08-22'),
    ('CA_45', 'No_02', 'ID_45', '2024-08-09'),
    ('CA_46', 'No_01', 'ID_46', '2024-08-12'),
    ('CA_47', 'No_02', 'ID_47', '2024-08-03'),
    ('CA_48', 'No_03', 'ID_48', '2024-08-15'),
    ('CA_49', 'No_01', 'ID_49', '2024-08-22'),
    ('CA_50', 'No_02', 'ID_50', '2024-08-09'),
    ('CA_51', 'No_01', 'ID_51', '2024-08-12'),
    ('CA_52', 'No_02', 'ID_52', '2024-08-03'),
    ('CA_53', 'No_03', 'ID_53', '2024-08-15'),
    ('CA_54', 'No_01', 'ID_54', '2024-08-22'),
    ('CA_55', 'No_02', 'ID_55', '2024-08-09'),
    ('CA_56', 'No_01', 'ID_56', '2024-08-12'),
    ('CA_57', 'No_02', 'ID_57', '2024-08-03'),
    ('CA_58', 'No_03', 'ID_58', '2024-08-15'),
    ('CA_59', 'No_01', 'ID_59', '2024-08-22'),
    ('CA_60', 'No_02', 'ID_60', '2024-08-09'),
    ('CA_61', 'No_01', 'ID_61', '2024-08-12'),
    ('CA_62', 'No_02', 'ID_62', '2024-08-03'),
    ('CA_63', 'No_03', 'ID_63', '2024-08-15'),
    ('CA_64', 'No_01', 'ID_64', '2024-08-22'),
    ('CA_65', 'No_02', 'ID_65', '2024-08-09'),
    ('CA_66', 'No_01', 'ID_66', '2024-08-12'),
    ('CA_67', 'No_02', 'ID_67', '2024-08-03'),
    ('CA_68', 'No_03', 'ID_68', '2024-08-15'),
    ('CA_69', 'No_01', 'ID_69', '2024-08-22'),
    ('CA_70', 'No_02', 'ID_70', '2024-08-09'),
    ('CA_71', 'No_01', 'ID_71', '2024-08-12'),
    ('CA_72', 'No_02', 'ID_72', '2024-08-03'),
    ('CA_73', 'No_03', 'ID_73', '2024-08-15'),
    ('CA_74', 'No_01', 'ID_74', '2024-08-22'),
    ('CA_75', 'No_02', 'ID_75', '2024-08-09'),
    ('CA_76', 'No_01', 'ID_76', '2024-08-12'),
    ('CA_77', 'No_02', 'ID_77', '2024-08-03'),
    ('CA_78', 'No_03', 'ID_78', '2024-08-15'),
    ('CA_79', 'No_01', 'ID_79', '2024-08-22'),
    ('CA_80', 'No_02', 'ID_80', '2024-08-09'),
    ('CA_81', 'No_01', 'ID_81', '2024-08-12'),
    ('CA_82', 'No_02', 'ID_82', '2024-08-03'),
    ('CA_83', 'No_03', 'ID_83', '2024-08-15'),
    ('CA_84', 'No_01', 'ID_84', '2024-08-22'),
    ('CA_85', 'No_02', 'ID_85', '2024-08-09'),
    ('CA_86', 'No_01', 'ID_86', '2024-08-12'),
    ('CA_87', 'No_02', 'ID_87', '2024-08-03'),
    ('CA_88', 'No_03', 'ID_88', '2024-08-15'),
    ('CA_89', 'No_01', 'ID_89', '2024-08-22'),
    ('CA_90', 'No_02', 'ID_90', '2024-08-09'),
    ('CA_91', 'No_01', 'ID_91', '2024-08-12'),
    ('CA_92', 'No_02', 'ID_92', '2024-08-03'),
    ('CA_93', 'No_03', 'ID_93', '2024-08-15'),
    ('CA_94', 'No_01', 'ID_94', '2024-08-22'),
    ('CA_95', 'No_02', 'ID_95', '2024-08-09'),
    ('CA_96', 'No_01', 'ID_96', '2024-08-12'),
    ('CA_97', 'No_02', 'ID_97', '2024-08-03'),
    ('CA_98', 'No_03', 'ID_98', '2024-08-15'),
    ('CA_99', 'No_01', 'ID_99', '2024-08-22'),
    ('CA_100', 'No_02', 'ID_100', '2024-08-09')
;



INSERT INTO `CheckDept` (`Dept_User_ID`, `Dept_ID`, `User_ID2`)
VALUES
    ('DU_01', 'D_01', 'ID_01'),
    ('DU_02', 'D_02', 'ID_02'),
    ('DU_03', 'D_03', 'ID_03'),
    ('DU_04', 'D_04', 'ID_04'),
    ('DU_05', 'D_04', 'ID_05'),
    ('DU_06', 'D_01', 'ID_06'),
    ('DU_07', 'D_02', 'ID_07'),
    ('DU_08', 'D_03', 'ID_08'),
    ('DU_09', 'D_04', 'ID_09'),
    ('DU_10', 'D_01', 'ID_10'),
    ('DU_11', 'D_02', 'ID_11'),
    ('DU_12', 'D_03', 'ID_12'),
    ('DU_13', 'D_04', 'ID_13'),
    ('DU_14', 'D_01', 'ID_14'),
    ('DU_15', 'D_02', 'ID_15'),
    ('DU_16', 'D_03', 'ID_16'),
    ('DU_17', 'D_04', 'ID_17'),
    ('DU_18', 'D_01', 'ID_18'),
    ('DU_19', 'D_02', 'ID_19'),
    ('DU_20', 'D_03', 'ID_20'),
    ('DU_21', 'D_04', 'ID_21'),
    ('DU_22', 'D_01', 'ID_22'),
    ('DU_23', 'D_02', 'ID_23'),
    ('DU_24', 'D_03', 'ID_24'),
    ('DU_25', 'D_04', 'ID_25'),
    ('DU_26', 'D_01', 'ID_26'),
    ('DU_27', 'D_02', 'ID_27'),
    ('DU_28', 'D_03', 'ID_28'),
    ('DU_29', 'D_04', 'ID_29'),
    ('DU_30', 'D_01', 'ID_30'),
    ('DU_31', 'D_02', 'ID_31'),
    ('DU_32', 'D_03', 'ID_32'),
    ('DU_33', 'D_04', 'ID_33'),
    ('DU_34', 'D_01', 'ID_34'),
    ('DU_35', 'D_02', 'ID_35'),
    ('DU_36', 'D_03', 'ID_36'),
    ('DU_37', 'D_04', 'ID_37'),
    ('DU_38', 'D_01', 'ID_38'),
    ('DU_39', 'D_02', 'ID_39'),
    ('DU_40', 'D_03', 'ID_40'),
    ('DU_41', 'D_04', 'ID_41'),
    ('DU_42', 'D_01', 'ID_42'),
    ('DU_43', 'D_02', 'ID_43'),
    ('DU_44', 'D_03', 'ID_44'),
    ('DU_45', 'D_04', 'ID_45'),
    ('DU_46', 'D_01', 'ID_46'),
    ('DU_47', 'D_02', 'ID_47'),
    ('DU_48', 'D_03', 'ID_48'),
    ('DU_49', 'D_04', 'ID_49'),
    ('DU_50', 'D_01', 'ID_50'),
    ('DU_51', 'D_01', 'ID_51'),
    ('DU_52', 'D_02', 'ID_52'),
    ('DU_53', 'D_03', 'ID_53'),
    ('DU_54', 'D_04', 'ID_54'),
    ('DU_55', 'D_01', 'ID_55'),
    ('DU_56', 'D_02', 'ID_56'),
    ('DU_57', 'D_03', 'ID_57'),
    ('DU_58', 'D_04', 'ID_58'),
    ('DU_59', 'D_01', 'ID_59'),
    ('DU_60', 'D_02', 'ID_60'),
    ('DU_61', 'D_03', 'ID_61'),
    ('DU_62', 'D_04', 'ID_62'),
    ('DU_63', 'D_01', 'ID_63'),
    ('DU_64', 'D_02', 'ID_64'),
    ('DU_65', 'D_03', 'ID_65'),
    ('DU_66', 'D_04', 'ID_66'),
    ('DU_67', 'D_01', 'ID_67'),
    ('DU_68', 'D_02', 'ID_68'),
    ('DU_69', 'D_03', 'ID_69'),
    ('DU_70', 'D_04', 'ID_70'),
    ('DU_71', 'D_01', 'ID_71'),
    ('DU_72', 'D_02', 'ID_72'),
    ('DU_73', 'D_03', 'ID_73'),
    ('DU_74', 'D_04', 'ID_74'),
    ('DU_75', 'D_01', 'ID_75'),
    ('DU_76', 'D_02', 'ID_76'),
    ('DU_77', 'D_03', 'ID_77'),
    ('DU_78', 'D_04', 'ID_78'),
    ('DU_79', 'D_01', 'ID_79'),
    ('DU_80', 'D_02', 'ID_80'),
    ('DU_81', 'D_03', 'ID_81'),
    ('DU_82', 'D_04', 'ID_82'),
    ('DU_83', 'D_01', 'ID_83'),
    ('DU_84', 'D_02', 'ID_84'),
    ('DU_85', 'D_03', 'ID_85'),
    ('DU_86', 'D_04', 'ID_86'),
    ('DU_87', 'D_01', 'ID_87'),
    ('DU_88', 'D_02', 'ID_88'),
    ('DU_89', 'D_03', 'ID_89'),
    ('DU_90', 'D_04', 'ID_90'),
    ('DU_91', 'D_01', 'ID_91'),
    ('DU_92', 'D_02', 'ID_92'),
    ('DU_93', 'D_03', 'ID_93'),
    ('DU_94', 'D_04', 'ID_94'),
    ('DU_95', 'D_01', 'ID_95'),
    ('DU_96', 'D_02', 'ID_96'),
    ('DU_97', 'D_03', 'ID_97'),
    ('DU_98', 'D_04', 'ID_98'),
    ('DU_99', 'D_01', 'ID_99'),
    ('DU_100', 'D_02', 'ID_100')
;




SELECT * FROM `user`;
SELECT * FROM `Dept`;
SELECT * FROM `Attend`;
SELECT * FROM `CheckAttend`;
SELECT * FROM `CheckDept`;

DROP TABLE `user`;
DROP TABLE `Dept`;
DROP TABLE `Attend`;
DROP TABLE `CheckAttend`;
DROP TABLE `CheckDept`;
